<?xml version="1.0" encoding="UTF-8"?>
<project-private xmlns="http://www.netbeans.org/ns/project-private/1">
    <editor-bookmarks xmlns="http://www.netbeans.org/ns/editor-bookmarks/2" lastBookmarkId="0"/>
    <open-files xmlns="http://www.netbeans.org/ns/projectui-open-files/2">
        <group>
            <file>file:/D:/Materi%20Kuliah/Semester%204/Pemrograman%20Berorientasi%20Objek/Week%201/New%20Folder/student_database/test/Main/MainTest.java</file>
            <file>file:/D:/Materi%20Kuliah/Semester%204/Pemrograman%20Berorientasi%20Objek/Week%201/New%20Folder/student_database/src/Main/Main.java</file>
        </group>
    </open-files>
</project-private>
